tns_name,classification,group,embedding_x,embedding_y
FRB20180725A,0,repeater_cluster_1,-1.082321644,8.901159286
FRB20180727A,-1,other_cluster_6,10.69175243,7.478735447
FRB20180729A,-1,other_cluster_3,8.485461235,1.737086892
FRB20180729B,0,repeater_cluster_1,-0.37382704,9.846347809
FRB20180730A,-1,other_cluster_5,11.9905405,5.327590942
FRB20180801A,0,repeater_cluster_1,-2.350457191,8.123565674
FRB20180806A,0,repeater_cluster_1,0.113246374,11.10269547
FRB20180810A,-1,other_cluster_6,7.625491142,7.875352383
FRB20180810B,-1,other_cluster_2,16.66549492,11.01349449
FRB20180812A,-1,other_cluster_3,6.782026768,-1.43453145
FRB20180814B,-1,other_cluster_1,-1.066714525,14.09490585
FRB20180814B,-1,other_cluster_1,-1.046130776,14.08284283
FRB20180814A,1,repeater_cluster_3,-0.76479882,-2.427215338
FRB20180817A,-1,other_cluster_6,10.2594347,7.208690643
FRB20180904A,-1,other_cluster_3,8.502547264,1.762851357
FRB20180906A,-1,other_cluster_1,-0.665316999,14.00675964
FRB20180906B,-1,other_cluster_5,11.87172699,4.056672573
FRB20180907D,-1,other_cluster_1,-0.956637621,13.9652853
FRB20180907A,-1,other_cluster_3,7.989658356,-1.128774047
FRB20180907B,-1,other_cluster_4,12.955616,0.923489928
FRB20180907C,0,repeater_cluster_1,0.110051453,11.11535835
FRB20180907E,0,repeater_cluster_3,2.302128077,-2.463608027
FRB20180908B,1,repeater_cluster_1,-2.390046835,8.050981522
FRB20180909A,-1,other_cluster_2,15.76746559,13.09083939
FRB20180910A,-1,other_cluster_6,13.26719284,8.382723808
FRB20180911C,1,repeater_cluster_1,-2.410288334,8.050661087
FRB20180911A,-1,other_cluster_3,6.861010551,-1.375927806
FRB20180915A,-1,other_cluster_6,7.01314497,7.58859396
FRB20180915B,0,repeater_cluster_3,2.238151073,-2.541213989
FRB20180916A,-1,other_cluster_6,11.93289566,7.26727438
FRB20180916B,1,repeater_cluster_1,-2.332883358,8.283578873
FRB20180916C,0,repeater_cluster_1,-1.831235051,9.491594315
FRB20180917B,-1,other_cluster_5,12.20368671,5.736000061
FRB20180917A,1,repeater_cluster_1,-4.773316383,11.39263916
FRB20180917A,1,repeater_cluster_1,-2.764567137,9.99790287
FRB20180917A,1,repeater_cluster_1,-2.307773829,9.353622437
FRB20180918A,0,repeater_cluster_1,0.437128127,9.381249428
FRB20180919B,-1,other_cluster_5,12.03756618,5.354367256
FRB20180919A,1,repeater_cluster_3,-1.355621099,-3.067043304
FRB20180920A,0,repeater_cluster_1,-0.932913184,8.949424744
FRB20180920B,0,repeater_cluster_3,-0.895408273,-2.947984934
FRB20180921A,-1,other_cluster_3,8.440137863,-0.422648996
FRB20180922A,0,repeater_cluster_3,2.382130384,-2.235538006
FRB20180923A,0,repeater_cluster_2,1.562101841,0.371068507
FRB20180923D,0,repeater_cluster_3,-0.175825104,-2.453026772
FRB20180923C,-1,other_cluster_3,8.466004372,-0.443737388
FRB20180924A,-1,other_cluster_1,-0.780097187,13.66886425
FRB20180925A,-1,other_cluster_1,-1.036181927,14.11018372
FRB20180925B,0,repeater_cluster_2,2.187119961,0.107129008
FRB20180928A,0,repeater_cluster_3,1.145614386,-2.879737854
FRB20181012B,0,repeater_cluster_3,-0.970231533,-2.963165522
FRB20181013A,-1,other_cluster_6,12.49004078,7.5822649
FRB20181013E,-1,other_cluster_3,7.852441311,-1.160366774
FRB20181013B,-1,other_cluster_2,16.78143692,11.53809261
FRB20181013C,-1,other_cluster_4,13.34224987,0.229511276
FRB20181014A,0,repeater_cluster_1,-4.572882652,11.55920601
FRB20181014B,-1,other_cluster_6,10.96286583,7.48908329
FRB20181014C,-1,other_cluster_3,8.467541695,1.806673527
FRB20181014D,0,repeater_cluster_1,0.674170554,9.530959129
FRB20181015A,-1,other_cluster_2,15.8206358,12.79163265
FRB20181017B,0,repeater_cluster_1,-2.390110254,8.071075439
FRB20181017A,1,repeater_cluster_2,2.959659576,1.129356503
FRB20181018B,-1,other_cluster_6,7.047319889,7.642571926
FRB20181018A,-1,other_cluster_1,-1.004780412,14.01897717
FRB20181018C,-1,other_cluster_3,8.432411194,-0.815794706
FRB20181019A,1,repeater_cluster_1,-2.86653924,10.13622475
FRB20181019A,1,repeater_cluster_1,-1.219577312,9.686637878
FRB20181019B,-1,other_cluster_6,11.97744274,7.307277679
FRB20181019C,-1,other_cluster_1,-0.622063875,14.13629055
FRB20181020A,-1,other_cluster_2,16.62992668,10.96663475
FRB20181022C,-1,other_cluster_3,8.31193924,-0.010990097
FRB20181022D,0,repeater_cluster_1,-4.516643524,11.5165329
FRB20181022E,0,repeater_cluster_3,1.753812075,-1.641181231
FRB20181025A,-1,other_cluster_2,16.60746002,12.7415905
FRB20181027A,0,repeater_cluster_1,-4.758457184,11.42733097
FRB20181028A,1,repeater_cluster_3,-1.707066774,-2.964125872
FRB20181028A,1,repeater_cluster_3,-1.751430631,-2.999002695
FRB20181028A,1,repeater_cluster_3,-1.830145001,-3.080914736
FRB20181028A,1,repeater_cluster_3,-1.911029816,-3.157702208
FRB20181028A,1,repeater_cluster_3,-1.973307848,-3.193516493
FRB20181030C,-1,other_cluster_3,8.463663101,1.621512651
FRB20181030A,1,repeater_cluster_1,-0.252531409,11.05374908
FRB20181030B,1,repeater_cluster_2,2.943072557,1.11986959
FRB20181030D,-1,other_cluster_6,9.584738731,7.582873821
FRB20181030E,0,repeater_cluster_2,1.47846067,0.447214901
FRB20181101A,-1,other_cluster_3,8.301882744,0.773851216
FRB20181102A,-1,other_cluster_1,-0.717318118,13.90470791
FRB20181104A,1,repeater_cluster_3,-2.155227184,-1.117471337
FRB20181104B,1,repeater_cluster_3,1.077723742,-2.452964783
FRB20181104C,-1,other_cluster_6,7.891353607,7.801509857
FRB20181104C,-1,other_cluster_6,7.27708149,7.643816948
FRB20181115A,0,repeater_cluster_2,1.537647963,0.392708004
FRB20181116A,-1,other_cluster_5,11.88250732,4.04553175
FRB20181116B,0,repeater_cluster_3,2.162479162,-2.570489883
FRB20181117C,0,repeater_cluster_1,-2.265316486,9.930057526
FRB20181117A,-1,other_cluster_1,-0.740083754,13.90594482
FRB20181117B,-1,other_cluster_6,8.229176521,7.911682606
FRB20181117B,-1,other_cluster_3,8.289710999,0.694015324
FRB20181118A,0,repeater_cluster_1,0.607181966,9.567245483
FRB20181118B,-1,other_cluster_6,8.199416161,7.952073574
FRB20181118C,1,repeater_cluster_3,-1.681916833,-1.485317588
FRB20181119B,-1,other_cluster_6,8.529602051,7.555540562
FRB20181119E,-1,other_cluster_6,13.0396328,8.102007866
FRB20181119D,1,repeater_cluster_1,-2.225213528,9.881705284
FRB20181119D,1,repeater_cluster_1,-2.225444317,8.969661713
FRB20181119D,1,repeater_cluster_1,-2.416285276,8.015585899
FRB20181119A,1,repeater_cluster_3,-1.435639739,-1.630540133
FRB20181119C,-1,other_cluster_3,8.230006218,-1.053953767
FRB20181120B,1,repeater_cluster_1,-1.224246621,9.768547058
FRB20181120C,1,repeater_cluster_1,-2.950060606,10.23663044
FRB20181122A,-1,other_cluster_3,8.344995499,-0.960121691
FRB20181122B,-1,other_cluster_5,12.01857281,4.680470467
FRB20181123A,0,repeater_cluster_2,2.198962688,0.534048498
FRB20181124B,-1,other_cluster_1,-0.799488485,14.0731535
FRB20181124A,0,repeater_cluster_1,0.036829919,11.09577656
FRB20181125A,0,repeater_cluster_3,1.407258034,-1.945840001
FRB20181125A,0,repeater_cluster_3,1.716673255,-1.742238164
FRB20181125A,0,repeater_cluster_3,0.89601171,-2.68550539
FRB20181126A,0,repeater_cluster_3,-0.126751512,-2.501729012
FRB20181127A,0,repeater_cluster_2,1.999203801,0.223781094
FRB20181128A,1,repeater_cluster_1,-2.280295372,8.628881454
FRB20181128A,1,repeater_cluster_2,2.18276453,0.110619321
FRB20181128B,-1,other_cluster_3,8.343226433,-1.000778913
FRB20181128D,-1,other_cluster_2,16.63914108,12.20224285
FRB20181128C,0,repeater_cluster_2,1.548140764,0.417364955
FRB20181128C,0,repeater_cluster_2,2.135228395,0.382956237
FRB20181129A,-1,other_cluster_6,9.380019188,7.635176182
FRB20181129B,0,repeater_cluster_3,-2.311135054,-0.991853714
FRB20181129C,-1,other_cluster_6,7.352474213,7.754681587
FRB20181130A,0,repeater_cluster_3,1.032870293,-2.744138002
FRB20181201A,-1,other_cluster_6,13.04245567,8.089108467
FRB20181201B,-1,other_cluster_6,12.95168781,8.003872871
FRB20181202A,-1,other_cluster_6,10.17492962,7.245328426
FRB20181202B,0,repeater_cluster_1,1.451745868,8.813406944
FRB20181202C,-1,other_cluster_6,10.97979832,7.483625412
FRB20181203A,0,repeater_cluster_1,-4.640185833,11.53141308
FRB20181203B,0,repeater_cluster_1,-2.968750238,10.24314022
FRB20181203C,-1,other_cluster_2,16.11440468,12.452775
FRB20181208A,-1,other_cluster_2,15.97148323,12.64889336
FRB20181209A,0,repeater_cluster_3,2.342933178,-2.129299641
FRB20181213A,-1,other_cluster_2,16.85833549,12.8795929
FRB20181213B,0,repeater_cluster_1,-2.151411533,9.853094101
FRB20181213C,-1,other_cluster_2,16.8506012,12.91538239
FRB20181214A,0,repeater_cluster_3,-0.926338196,-2.91642046
FRB20181214B,-1,other_cluster_2,15.7559576,13.05643463
FRB20181214C,-1,other_cluster_2,16.57653999,12.49204826
FRB20181214D,0,repeater_cluster_1,-0.457538277,10.49257088
FRB20181214F,0,repeater_cluster_3,0.929128766,-2.749111176
FRB20181215A,-1,other_cluster_2,15.83033752,13.1029892
FRB20181215B,0,repeater_cluster_1,1.425457239,8.840780258
FRB20181216A,0,repeater_cluster_1,-0.295669258,9.716474533
FRB20181217A,0,repeater_cluster_1,0.148377568,11.12300777
FRB20181218A,0,repeater_cluster_3,-0.065935291,-2.354450941
FRB20181218B,-1,other_cluster_4,13.33351231,0.252992898
FRB20181218C,-1,other_cluster_5,11.94145298,4.340358734
FRB20181219B,0,repeater_cluster_1,-4.802872658,11.4179554
FRB20181219C,-1,other_cluster_4,12.98947048,0.86556071
FRB20181219A,1,other_cluster_5,11.94112873,4.871194363
FRB20181220A,-1,other_cluster_3,6.810606003,-1.412043214
FRB20181220B,-1,other_cluster_6,13.20272446,8.315089226
FRB20181221A,0,repeater_cluster_3,-1.646418095,-1.479635239
FRB20181221B,0,repeater_cluster_2,2.21093297,0.438721865
FRB20181222A,1,repeater_cluster_1,-2.778057337,10.01089191
FRB20181222A,1,repeater_cluster_1,-2.751886368,9.98969841
FRB20181222A,1,repeater_cluster_1,-2.628982067,9.870044708
FRB20181222A,1,repeater_cluster_1,-2.314067602,9.541371346
FRB20181222B,-1,other_cluster_6,13.22019386,8.338434219
FRB20181222C,-1,other_cluster_4,12.99697208,0.836626172
FRB20181222D,0,repeater_cluster_3,1.826471806,-1.593705058
FRB20181222E,-1,other_cluster_3,8.362852097,0.474241048
FRB20181222E,-1,other_cluster_3,8.38492775,1.087054372
FRB20181223A,1,repeater_cluster_1,-1.362103105,9.755588531
FRB20181223A,1,repeater_cluster_1,-0.760562181,9.464851379
FRB20181223B,0,repeater_cluster_1,-1.036467552,8.85535717
FRB20181223C,-1,other_cluster_6,11.19274712,7.3881917
FRB20181224A,-1,other_cluster_6,7.680895329,7.879839897
FRB20181224B,-1,other_cluster_2,16.1588974,12.83700848
FRB20181224C,-1,other_cluster_2,16.81230354,12.1181221
FRB20181224D,-1,other_cluster_2,16.8617897,12.89139843
FRB20181224E,-1,other_cluster_4,13.00793457,0.805224836
FRB20181224E,-1,other_cluster_2,16.87041092,12.05701923
FRB20181225A,1,repeater_cluster_3,-0.672551394,-2.586642027
FRB20181225B,-1,other_cluster_6,7.10184145,7.669084072
FRB20181226C,-1,other_cluster_2,16.00155258,12.87855148
FRB20181226A,1,repeater_cluster_3,-2.303719759,-1.001460075
FRB20181226A,1,repeater_cluster_3,-1.702068925,-1.448690057
FRB20181226D,-1,other_cluster_6,13.22089386,8.33495903
FRB20181226B,-1,other_cluster_5,11.80287075,4.385374069
FRB20181226B,-1,other_cluster_5,12.33105183,6.055864334
FRB20181226B,-1,other_cluster_6,8.403489113,7.644031525
FRB20181226E,0,repeater_cluster_3,2.438197374,-2.330346107
FRB20181227A,0,repeater_cluster_1,0.10837394,11.07907391
FRB20181228A,-1,other_cluster_5,12.05009937,4.605172157
FRB20181228B,0,repeater_cluster_3,-2.006829262,-3.232062578
FRB20181228C,-1,other_cluster_2,17.01267433,12.76148605
FRB20181229A,-1,other_cluster_6,8.090472221,7.94670248
FRB20181229B,0,repeater_cluster_3,-0.210930347,-2.494846582
FRB20181230A,0,repeater_cluster_1,-3.048225164,10.30527115
FRB20181230B,-1,other_cluster_6,12.27893543,7.449616432
FRB20181230C,0,repeater_cluster_1,-0.253022611,11.03769207
FRB20181230D,-1,other_cluster_1,-0.657682121,14.00071716
FRB20181230E,-1,other_cluster_5,12.03990555,4.453959465
FRB20181231A,0,repeater_cluster_1,-0.058606986,11.07533646
FRB20181231B,0,repeater_cluster_1,-2.163211584,9.843032837
FRB20181231C,-1,other_cluster_3,8.439714432,-0.777103901
FRB20190101A,-1,other_cluster_4,12.94560432,0.89380753
FRB20190101B,0,repeater_cluster_1,-2.969055891,10.23597813
FRB20190102A,0,repeater_cluster_2,2.227836847,0.512050033
FRB20190102B,-1,other_cluster_6,12.9269762,7.975772858
FRB20190103B,-1,other_cluster_5,11.97137642,4.863442421
FRB20190103C,-1,other_cluster_6,8.226875305,7.876300812
FRB20190103A,1,repeater_cluster_1,-4.767261505,11.41472912
FRB20190103D,-1,other_cluster_3,8.290621758,-1.007147193
FRB20190103E,-1,other_cluster_6,7.73508358,7.883282185
FRB20190104A,-1,other_cluster_6,8.291324615,7.88922596
FRB20190104A,-1,other_cluster_2,16.69505119,12.70173454
FRB20190104B,-1,other_cluster_1,-1.023496389,14.11206722
FRB20190105A,-1,other_cluster_1,-0.700120211,14.07555866
FRB20190106A,0,repeater_cluster_1,-4.547287464,11.57202148
FRB20190106B,0,repeater_cluster_3,0.776942968,-1.988522887
FRB20190107A,-1,other_cluster_3,8.387263298,-0.886877656
FRB20190107B,-1,other_cluster_2,16.64365578,11.03239918
FRB20190109A,0,repeater_cluster_1,1.46660471,8.804677963
FRB20190109A,-1,other_cluster_6,9.015604973,7.709976673
FRB20190109B,0,repeater_cluster_3,0.932587624,-2.816874027
FRB20190110A,0,repeater_cluster_3,-0.863238573,-2.950584173
FRB20190110B,-1,other_cluster_2,15.6246376,12.63919353
FRB20190110C,0,repeater_cluster_3,-1.391780257,-3.073255301
FRB20190111A,0,repeater_cluster_1,0.456026912,9.687382698
FRB20190111A,-1,other_cluster_3,8.324954987,0.6257658
FRB20190111A,-1,other_cluster_3,7.86077404,-1.172380209
FRB20190111B,-1,other_cluster_3,7.200139523,-1.068479419
FRB20190112A,0,repeater_cluster_1,-2.915063858,10.17654896
FRB20190113A,0,repeater_cluster_1,-4.586148739,11.57005978
FRB20190114A,0,repeater_cluster_3,0.004798983,-2.636888504
FRB20190115A,-1,other_cluster_6,12.06219578,7.322567463
FRB20190115B,-1,other_cluster_6,12.01598072,7.30311203
FRB20190116E,0,repeater_cluster_1,0.113451585,11.09023476
FRB20190116D,-1,other_cluster_2,16.0607872,12.49693298
FRB20190116A,1,repeater_cluster_1,-1.181031704,9.756919861
FRB20190116B,1,repeater_cluster_2,2.085241556,0.260775268
FRB20190116C,0,repeater_cluster_1,-0.593348742,9.973340988
FRB20190116F,0,repeater_cluster_1,0.443751276,9.702002525
FRB20190117C,0,repeater_cluster_1,0.26943779,9.800930977
FRB20190117D,-1,other_cluster_6,13.19745255,8.308258057
FRB20190117A,1,repeater_cluster_3,-1.594609022,-1.519027233
FRB20190118B,0,repeater_cluster_1,-0.236914709,9.751291275
FRB20190118A,0,repeater_cluster_2,1.665912747,0.318247288
FRB20190121A,-1,other_cluster_6,8.925663948,7.718468189
FRB20190122B,0,repeater_cluster_1,-0.329549909,11.02374554
FRB20190122C,-1,other_cluster_6,10.88789082,7.133257866
FRB20190122C,-1,other_cluster_6,8.575587273,7.622807503
FRB20190122C,-1,other_cluster_5,11.80989933,4.423712254
FRB20190122C,-1,other_cluster_3,8.493879318,-0.695822418
FRB20190122C,-1,other_cluster_6,10.63465595,7.119889259
FRB20190122C,-1,other_cluster_4,13.04805183,0.671236873
FRB20190122A,0,repeater_cluster_1,-0.216399685,11.06169891
FRB20190124A,-1,other_cluster_6,8.851665497,7.736459255
FRB20190124B,-1,other_cluster_6,12.81801701,7.85470295
FRB20190124C,-1,other_cluster_6,12.94808865,7.996078491
FRB20190124C,-1,other_cluster_5,11.92687416,4.002877235
FRB20190124D,-1,other_cluster_3,7.995831966,-1.103187799
FRB20190124E,0,repeater_cluster_1,0.617705047,9.542662621
FRB20190124F,-1,other_cluster_3,7.257885456,-1.036465168
FRB20190125A,0,repeater_cluster_1,-1.555470705,9.66664505
FRB20190125B,0,repeater_cluster_1,0.884373605,9.317397118
FRB20190126A,1,repeater_cluster_1,-2.265438557,8.198325157
FRB20190127B,-1,other_cluster_6,7.158473015,7.59143877
FRB20190128A,-1,other_cluster_2,15.90789986,13.01977444
FRB20190128B,-1,other_cluster_6,9.490018845,7.619342327
FRB20190128C,0,repeater_cluster_2,2.188039303,0.272630394
FRB20190128D,-1,other_cluster_4,13.21840477,0.383481175
FRB20190129A,0,repeater_cluster_1,-2.981883049,10.24934196
FRB20190130A,0,repeater_cluster_2,1.546353102,0.388117522
FRB20190130B,0,repeater_cluster_3,-1.08886075,-1.848049998
FRB20190131E,0,repeater_cluster_2,1.599230409,0.362680942
FRB20190131D,-1,other_cluster_6,9.819286346,7.481972218
FRB20190131D,0,repeater_cluster_1,1.426145077,8.841463089
FRB20190131C,-1,other_cluster_6,10.01749706,7.447393894
FRB20190131B,0,repeater_cluster_1,-4.623758316,11.53713703
FRB20190201B,-1,other_cluster_3,7.603743553,-0.83488512
FRB20190201A,-1,other_cluster_6,11.17308617,7.40929985
FRB20190202B,-1,other_cluster_6,8.190317154,7.93948698
FRB20190202A,-1,other_cluster_5,11.7790432,5.103762627
FRB20190203B,-1,other_cluster_5,11.91145611,4.070720673
FRB20190203A,0,repeater_cluster_2,1.505946994,0.411681533
FRB20190203C,-1,other_cluster_1,-0.788507938,13.9234457
FRB20190204A,0,repeater_cluster_3,2.216147423,-2.014097929
FRB20190204B,-1,other_cluster_6,6.97318697,7.627592087
FRB20190205A,0,repeater_cluster_2,2.207550764,0.141281337
FRB20190206C,-1,other_cluster_6,12.60872555,7.678072929
FRB20190206B,-1,other_cluster_3,8.469192505,1.607340574
FRB20190206A,0,repeater_cluster_2,2.894237757,1.089690804
FRB20190208B,-1,other_cluster_4,13.13255215,0.538867354
FRB20190208C,0,repeater_cluster_2,1.856739163,0.253303945
FRB20190208A,1,repeater_cluster_1,-2.270070314,8.243755341
FRB20190208A,1,repeater_cluster_3,-2.356299162,-0.951026797
FRB20190208A,1,repeater_cluster_3,-2.086924553,-1.170512199
FRB20190208A,1,repeater_cluster_3,-0.402266949,-2.121766806
FRB20190209A,1,repeater_cluster_3,-0.381798774,-2.078848839
FRB20190210B,-1,other_cluster_4,13.28975391,0.248627409
FRB20190210C,-1,other_cluster_6,12.40327263,7.527444839
FRB20190210A,1,repeater_cluster_3,-0.273009181,-2.109999657
FRB20190210D,0,repeater_cluster_1,-0.756969988,9.508516312
FRB20190210E,0,repeater_cluster_2,2.183558464,0.062709853
FRB20190211A,0,repeater_cluster_1,-1.626527071,9.728643417
FRB20190211B,-1,other_cluster_5,12.25403595,5.829630375
FRB20190212B,-1,other_cluster_4,13.29500771,0.287936389
FRB20190212C,-1,other_cluster_6,10.19736481,7.251159191
FRB20190212D,-1,other_cluster_3,8.493037224,-0.724324107
FRB20190212A,1,repeater_cluster_2,2.802312851,-0.09918873
FRB20190213A,1,repeater_cluster_3,0.946709573,-2.747741699
FRB20190213C,-1,other_cluster_1,-0.611606538,14.04151344
FRB20190213B,1,repeater_cluster_1,-2.063379526,9.303696632
FRB20190213B,1,repeater_cluster_3,-1.671050429,-1.431495667
FRB20190213D,0,repeater_cluster_1,-1.349074006,9.758042336
FRB20190214A,-1,other_cluster_1,-1.003828406,14.06213188
FRB20190214C,-1,other_cluster_3,8.363767624,0.311805546
FRB20190215B,-1,other_cluster_2,16.29091644,12.26723766
FRB20190216A,1,repeater_cluster_2,2.230640173,0.193398729
FRB20190217A,-1,other_cluster_6,9.236937523,7.669387341
FRB20190217B,-1,other_cluster_2,16.80305099,12.3764143
FRB20190218A,-1,other_cluster_6,11.08994293,7.453111649
FRB20190218B,0,repeater_cluster_1,-2.25868392,8.112575531
FRB20190218C,-1,other_cluster_3,8.257307053,-0.022484917
FRB20190219A,-1,other_cluster_2,16.68988228,13.01512432
FRB20190219B,0,repeater_cluster_1,0.783515394,9.429346085
FRB20190219C,0,repeater_cluster_1,0.770016432,9.394284248
FRB20190220A,-1,other_cluster_3,7.94214344,-1.153093219
FRB20190221A,-1,other_cluster_3,7.196062565,-1.057201982
FRB20190221B,-1,other_cluster_2,16.15706635,12.38752079
FRB20190221C,0,repeater_cluster_1,-0.535749376,9.934421539
FRB20190221D,-1,other_cluster_6,12.98106289,8.034414291
FRB20190222B,-1,other_cluster_3,6.812901497,-1.409626722
FRB20190222C,0,repeater_cluster_3,1.322216034,-1.955631256
FRB20190222A,1,repeater_cluster_3,-1.412571669,-3.057047367
FRB20190222D,0,repeater_cluster_1,1.558745623,8.716324806
FRB20190223A,0,repeater_cluster_3,-0.209821016,-2.483624458
FRB20190223B,0,repeater_cluster_1,0.411283612,9.730577469
FRB20190224A,0,repeater_cluster_3,1.008642077,-2.822203875
FRB20190224B,-1,other_cluster_6,11.23206329,7.39445734
FRB20190224C,0,repeater_cluster_1,-0.327436596,11.02686691
FRB20190224D,-1,other_cluster_6,8.27008152,7.919286728
FRB20190224E,-1,other_cluster_5,12.19675446,5.72222805
FRB20190226A,-1,other_cluster_6,9.085748672,7.699775696
FRB20190226B,0,repeater_cluster_1,-1.032881498,8.810826302
FRB20190226C,0,repeater_cluster_3,1.735959291,-1.761161685
FRB20190227A,0,repeater_cluster_1,1.207402229,9.036416054
FRB20190227B,-1,other_cluster_2,15.77027321,13.1116581
FRB20190228A,0,repeater_cluster_1,-2.360729218,9.804780006
FRB20190228B,-1,other_cluster_5,11.80884743,4.773095131
FRB20190301B,-1,other_cluster_3,6.733757973,-1.474722385
FRB20190301C,-1,other_cluster_2,16.82167625,12.903512
FRB20190301D,0,repeater_cluster_3,1.893446922,-1.688486099
FRB20190301A,1,repeater_cluster_1,-2.398930311,8.047539711
FRB20190301A,1,repeater_cluster_3,-2.378204823,-0.923326075
FRB20190302A,-1,other_cluster_2,16.76307106,11.55814743
FRB20190303B,-1,other_cluster_2,16.74151611,11.45438385
FRB20190303C,-1,other_cluster_6,12.3360405,7.488456726
FRB20190303D,-1,other_cluster_4,13.29498482,0.291454405
FRB20190303A,1,repeater_cluster_1,-2.185843706,9.038913727
FRB20190304A,0,repeater_cluster_3,0.895908952,-2.759783506
FRB20190304B,-1,other_cluster_3,7.974134445,-1.124736428
FRB20190304C,0,repeater_cluster_3,-0.147763863,-2.229009628
FRB20190308C,0,repeater_cluster_3,1.00408411,-1.947184563
FRB20190308C,0,repeater_cluster_3,1.025576591,-1.94416666
FRB20190308B,0,repeater_cluster_2,1.967418194,0.212305084
FRB20190308B,0,repeater_cluster_3,1.938200712,-1.33799696
FRB20190309A,0,repeater_cluster_3,1.250798941,-1.939175963
FRB20190313B,-1,other_cluster_2,16.73882484,12.86856651
FRB20190313A,1,repeater_cluster_1,-4.40391922,11.3864727
FRB20190316A,-1,other_cluster_6,8.271511078,7.883986473
FRB20190317A,0,repeater_cluster_1,1.484629989,8.790122986
FRB20190317B,-1,other_cluster_6,9.636057854,7.555264473
FRB20190317C,-1,other_cluster_5,12.13568306,5.510187626
FRB20190317F,-1,other_cluster_5,12.30578136,5.99724102
FRB20190317E,-1,other_cluster_1,-0.988131762,14.06875992
FRB20190318A,-1,other_cluster_2,16.78800201,11.66741371
FRB20190319A,0,repeater_cluster_1,0.444625825,9.70068264
FRB20190320A,-1,other_cluster_2,16.71589661,12.7234745
FRB20190320B,-1,other_cluster_2,15.91009903,12.9806509
FRB20190320C,-1,other_cluster_6,12.51420116,7.608853817
FRB20190320D,0,repeater_cluster_1,0.440324605,9.695975304
FRB20190320E,0,repeater_cluster_1,1.286965847,8.971274376
FRB20190322A,-1,other_cluster_6,7.111912727,7.614903927
FRB20190322B,-1,other_cluster_4,13.02472687,0.790782332
FRB20190322C,-1,other_cluster_2,16.81822777,11.70734406
FRB20190323A,-1,other_cluster_6,7.875933647,7.903000832
FRB20190323B,0,repeater_cluster_1,1.333725333,8.928600311
FRB20190323C,-1,other_cluster_5,11.88263702,4.11989069
FRB20190323D,0,repeater_cluster_3,2.244944334,-2.516657352
FRB20190325A,-1,other_cluster_2,16.20503044,12.40410805
FRB20190325B,-1,other_cluster_6,11.20964909,7.366448879
FRB20190325C,-1,other_cluster_6,7.914014339,7.904062748
FRB20190326A,-1,other_cluster_6,12.00472355,7.229490757
FRB20190327A,-1,other_cluster_2,16.20108223,12.36941147
FRB20190328A,-1,other_cluster_2,16.93610382,12.82691193
FRB20190328B,-1,other_cluster_6,7.114965916,7.645168304
FRB20190328C,-1,other_cluster_6,11.99234581,7.357396126
FRB20190329A,0,repeater_cluster_3,-1.904464602,-3.164614677
FRB20190330A,-1,other_cluster_2,15.79040432,13.03082752
FRB20190330B,-1,other_cluster_6,12.69753551,7.753712654
FRB20190401A,-1,other_cluster_6,11.17949009,7.385242939
FRB20190402A,-1,other_cluster_3,8.333971024,0.200870827
FRB20190403G,0,repeater_cluster_2,2.479993343,0.685786545
FRB20190403A,-1,other_cluster_6,9.626707077,7.556343555
FRB20190403B,-1,other_cluster_5,11.8792181,4.087812424
FRB20190403C,-1,other_cluster_3,8.285906792,-1.002008915
FRB20190403D,-1,other_cluster_4,13.3337698,0.245213076
FRB20190403E,0,repeater_cluster_1,-1.094127059,9.726701736
FRB20190403F,-1,other_cluster_2,16.80799294,12.31853008
FRB20190404A,-1,other_cluster_2,16.44381332,12.69654274
FRB20190404B,-1,other_cluster_4,13.01107025,0.773011625
FRB20190405A,-1,other_cluster_5,11.94234943,4.198933125
FRB20190405B,0,repeater_cluster_1,0.691445947,9.505678177
FRB20190406A,1,other_cluster_3,8.487442017,1.771787167
FRB20190408A,0,repeater_cluster_1,-2.104635477,8.110796928
FRB20190409A,-1,other_cluster_6,8.982528687,7.704702377
FRB20190409B,-1,other_cluster_3,8.443155289,1.821736813
FRB20190409C,-1,other_cluster_6,13.19679928,8.308884621
FRB20190409D,-1,other_cluster_6,9.716921806,7.5732131
FRB20190410A,0,repeater_cluster_2,2.528999329,0.727312505
FRB20190410B,0,repeater_cluster_3,0.752759874,-1.984397411
FRB20190411A,-1,other_cluster_1,-0.601749241,14.09455585
FRB20190411B,-1,other_cluster_6,9.751067162,7.519116879
FRB20190411C,0,repeater_cluster_1,-1.007841468,9.730825424
FRB20190411C,0,repeater_cluster_1,0.143588558,9.749591827
FRB20190412A,0,repeater_cluster_1,-0.246972099,11.05069828
FRB20190412B,-1,other_cluster_3,7.843997002,-1.165279746
FRB20190414A,-1,other_cluster_4,13.01626587,0.805781841
FRB20190414B,-1,other_cluster_2,16.24691772,12.64125347
FRB20190415A,-1,other_cluster_6,11.11742687,7.424404621
FRB20190415B,-1,other_cluster_6,8.913933754,7.702653885
FRB20190415C,-1,other_cluster_3,8.321231842,0.817608476
FRB20190416A,-1,other_cluster_5,12.15423965,5.588472843
FRB20190416B,0,repeater_cluster_3,2.066390514,-2.586800098
FRB20190417B,-1,other_cluster_6,7.832885265,7.85154295
FRB20190417A,1,repeater_cluster_3,-2.345242262,-0.959949791
FRB20190417C,0,repeater_cluster_1,-0.99114114,8.845514297
FRB20190418A,-1,other_cluster_3,6.764924049,-1.44407928
FRB20190419A,0,repeater_cluster_3,2.313570738,-2.129264593
FRB20190419B,-1,other_cluster_5,12.06454372,4.654242039
FRB20190420B,-1,other_cluster_6,11.19475842,7.272146702
FRB20190420A,0,repeater_cluster_1,-4.737170219,11.42809868
FRB20190420C,-1,other_cluster_4,13.28867912,0.301746875
FRB20190421A,1,repeater_cluster_1,-2.187162161,9.042806625
FRB20190421A,1,repeater_cluster_1,-2.311206579,8.110405922
FRB20190421B,-1,other_cluster_2,16.77959061,11.64328289
FRB20190422B,-1,other_cluster_2,17.00564957,12.76792049
FRB20190422A,0,repeater_cluster_1,-1.594540238,9.463472366
FRB20190422A,0,repeater_cluster_1,-2.282886744,8.396572113
FRB20190422A,0,repeater_cluster_1,-1.002034426,8.790582657
FRB20190423A,-1,other_cluster_3,8.26040554,0.664536834
FRB20190423A,-1,other_cluster_3,6.806542873,-1.419095874
FRB20190423B,0,repeater_cluster_3,-2.204478264,-1.073734999
FRB20190423B,0,repeater_cluster_3,-1.921212554,-1.284293532
FRB20190423C,-1,other_cluster_3,8.342565536,-0.15667209
FRB20190423D,-1,other_cluster_6,7.138406754,7.615477085
FRB20190424A,-1,other_cluster_5,12.06577396,5.226948261
FRB20190425A,0,repeater_cluster_1,1.31669414,8.942107201
FRB20190425B,0,repeater_cluster_2,1.543582559,0.397608697
FRB20190426A,0,repeater_cluster_2,1.617511153,0.432760805
FRB20190427A,-1,other_cluster_2,16.85656357,12.0278101
FRB20190428A,0,repeater_cluster_1,-2.935562134,10.20166969
FRB20190429A,0,repeater_cluster_1,1.089862704,9.135425568
FRB20190429B,0,repeater_cluster_3,-1.979880333,-3.19563055
FRB20190430B,-1,other_cluster_2,15.74936581,12.87321758
FRB20190430A,0,repeater_cluster_3,1.891241193,-1.54092145
FRB20190430C,0,repeater_cluster_1,-2.137849331,9.840135574
FRB20190501B,-1,other_cluster_4,13.1798687,0.445674419
FRB20190501B,-1,other_cluster_2,16.13777351,12.80007076
FRB20190502A,-1,other_cluster_2,16.88450623,11.97594261
FRB20190502B,-1,other_cluster_6,10.18161392,7.276997089
FRB20190502C,-1,other_cluster_3,8.319685936,0.630503416
FRB20190515A,-1,other_cluster_6,8.925058365,7.703309059
FRB20190515B,-1,other_cluster_3,8.464429855,-0.464616358
FRB20190515C,1,repeater_cluster_2,2.902911425,1.09950757
FRB20190515D,0,repeater_cluster_2,2.918997765,1.107063055
FRB20190516B,-1,other_cluster_3,7.875860691,-0.719727337
FRB20190517D,-1,other_cluster_2,15.65893841,12.65127277
FRB20190517B,1,repeater_cluster_3,-0.55738014,-2.106137514
FRB20190517C,0,repeater_cluster_3,1.384714603,-1.927877426
FRB20190518B,-1,other_cluster_6,11.19714546,7.382614613
FRB20190518C,-1,other_cluster_5,11.98797035,4.692616463
FRB20190518D,-1,other_cluster_5,11.98052788,4.358936787
FRB20190518A,1,repeater_cluster_3,1.94060564,-1.41666615
FRB20190518E,1,repeater_cluster_1,-4.592068672,11.55027866
FRB20190518G,0,repeater_cluster_3,0.712842941,-1.993048668
FRB20190519D,-1,other_cluster_2,15.81011295,13.06184387
FRB20190519E,0,repeater_cluster_1,-4.756448746,11.4269619
FRB20190519F,0,repeater_cluster_3,0.048238929,-2.169458628
FRB20190519G,-1,other_cluster_6,11.20083714,7.287917614
FRB20190519H,-1,other_cluster_3,8.271680832,-0.056967452
FRB20190519A,1,repeater_cluster_3,-1.691718459,-1.467834711
FRB20190519A,1,repeater_cluster_3,-1.731328964,-3.001187563
FRB20190519B,1,repeater_cluster_1,-2.204853773,9.864365578
FRB20190519B,1,repeater_cluster_1,-1.023654819,8.796514511
FRB20190519B,1,repeater_cluster_2,2.503098965,0.815395117
FRB20190519B,1,repeater_cluster_3,-0.773380041,-1.978553414
FRB20190519C,1,repeater_cluster_2,2.143730164,0.488095909
FRB20190519J,0,repeater_cluster_3,-1.883297086,-3.159287214
FRB20190520A,0,repeater_cluster_3,1.299922228,-1.891001821
FRB20190527A,0,repeater_cluster_3,-0.918471277,-1.905223131
FRB20190527A,0,repeater_cluster_3,-0.669469714,-2.573040009
FRB20190527B,1,repeater_cluster_1,0.185270742,9.725317001
FRB20190527C,-1,other_cluster_6,12.835392,7.860752106
FRB20190529A,0,repeater_cluster_3,-0.211693063,-2.378816605
FRB20190530A,0,repeater_cluster_3,-0.143035948,-2.503890514
FRB20190531C,0,repeater_cluster_3,0.789063215,-1.978471994
FRB20190531E,0,repeater_cluster_1,-4.720348358,11.45708847
FRB20190601A,0,repeater_cluster_1,0.383883953,9.724102974
FRB20190601B,0,repeater_cluster_3,0.788665056,-2.615449667
FRB20190601D,-1,other_cluster_2,16.73160934,12.33986092
FRB20190601C,0,repeater_cluster_2,2.569266558,0.761364937
FRB20190601C,0,repeater_cluster_2,2.43856287,0.655553102
FRB20190603B,-1,other_cluster_4,13.24713612,0.349219739
FRB20190603A,1,repeater_cluster_1,-0.607751489,10.06265259
FRB20190604D,0,repeater_cluster_1,0.676643908,9.491832733
FRB20190604A,1,repeater_cluster_3,-1.371336937,-3.063313484
FRB20190604E,-1,other_cluster_2,15.96623898,12.92989826
FRB20190604F,1,repeater_cluster_1,-2.295367718,9.926077843
FRB20190604F,1,repeater_cluster_1,-2.315210581,8.372736931
FRB20190604F,1,repeater_cluster_3,-2.217730284,-1.066992044
FRB20190604C,-1,other_cluster_5,11.86115646,4.114632607
FRB20190604G,-1,other_cluster_2,16.43984604,12.50558281
FRB20190605C,0,repeater_cluster_3,1.90595746,-1.421975851
FRB20190605D,0,repeater_cluster_1,-1.839861631,9.568128586
FRB20190605A,1,repeater_cluster_3,-1.689576387,-1.441600561
FRB20190605B,1,repeater_cluster_3,0.717911661,-2.498567104
FRB20190605B,1,repeater_cluster_3,0.503994346,-2.175795555
FRB20190605B,1,repeater_cluster_3,-1.52006197,-3.000314713
FRB20190606A,1,repeater_cluster_2,2.903728008,1.16225028
FRB20190606B,-1,other_cluster_6,7.163733482,7.608261585
FRB20190607A,-1,other_cluster_2,16.70151711,11.13927937
FRB20190607B,-1,other_cluster_1,-0.718051076,13.89737701
FRB20190608A,-1,other_cluster_6,6.95720911,7.611288548
FRB20190609A,0,repeater_cluster_1,-2.407649279,8.045269966
FRB20190609A,0,repeater_cluster_1,-2.274904251,8.272683144
FRB20190609B,-1,other_cluster_5,11.9739666,5.393638611
FRB20190609C,0,repeater_cluster_3,-0.960056007,-2.977982998
FRB20190609D,0,repeater_cluster_3,2.369922161,-2.192445278
FRB20190611A,1,repeater_cluster_1,-2.213144302,9.889770508
FRB20190611A,1,repeater_cluster_1,-2.150867939,9.847296715
FRB20190612A,-1,other_cluster_6,10.24336624,7.215797901
FRB20190612B,-1,other_cluster_3,8.37075901,0.909830213
FRB20190612C,0,repeater_cluster_1,0.697017968,9.490639687
FRB20190613A,-1,other_cluster_6,8.24409008,7.909210205
FRB20190613B,-1,other_cluster_6,11.94572258,7.214797497
FRB20190614A,0,repeater_cluster_3,2.310250759,-2.112161398
FRB20190614B,-1,other_cluster_6,11.93119144,7.278629303
FRB20190614C,-1,other_cluster_2,17.014328,12.76313877
FRB20190616A,-1,other_cluster_2,15.8194437,13.07568073
FRB20190617A,-1,other_cluster_3,8.47476387,-0.666088879
FRB20190617B,0,repeater_cluster_3,1.950287223,-1.307178497
FRB20190617C,0,repeater_cluster_1,-0.35803619,10.94633007
FRB20190618A,0,repeater_cluster_3,2.258635759,-2.072741032
FRB20190619A,-1,other_cluster_6,7.564861298,7.834443092
FRB20190619B,-1,other_cluster_4,12.98468304,0.847891569
FRB20190619C,-1,other_cluster_1,-0.574288905,14.10698032
FRB20190619D,-1,other_cluster_2,16.92394638,12.49821758
FRB20190621A,1,repeater_cluster_3,1.078716516,-2.843621969
FRB20190621B,-1,other_cluster_3,8.442288399,-0.791627109
FRB20190621C,0,repeater_cluster_3,-0.82834053,-1.947092295
FRB20190621D,-1,other_cluster_3,8.350917816,0.621500731
FRB20190622A,-1,other_cluster_3,7.082630634,-1.188679338
FRB20190623A,-1,other_cluster_5,11.97059631,4.377527714
FRB20190623B,0,repeater_cluster_1,-1.970127583,9.448041916
FRB20190623C,-1,other_cluster_2,16.19221687,12.34118366
FRB20190624A,-1,other_cluster_4,13.35574436,0.224292666
FRB20190624B,0,repeater_cluster_1,-1.040898681,8.847616196
FRB20190625A,-1,other_cluster_3,7.917031288,-1.126400709
FRB20190625E,1,repeater_cluster_3,-1.916109443,-3.168385983
FRB20190625E,1,repeater_cluster_3,-1.976185799,-3.197963953
FRB20190625E,1,repeater_cluster_3,-0.819925129,-2.959145069
FRB20190625C,-1,other_cluster_2,16.58701515,10.92397785
FRB20190625D,0,repeater_cluster_3,0.616759539,-2.094696283
FRB20190627A,-1,other_cluster_3,8.318912506,0.63285321
FRB20190627B,-1,other_cluster_6,10.12820148,7.308230877
FRB20190627C,-1,other_cluster_2,16.77980423,11.70252132
FRB20190627D,-1,other_cluster_5,12.02040672,4.529062748
FRB20190628A,0,repeater_cluster_1,1.53006959,8.752988815
FRB20190628B,-1,other_cluster_3,6.74932003,-1.463866353
FRB20190628C,-1,other_cluster_3,8.394171715,-0.257420629
FRB20190629A,0,repeater_cluster_1,-1.031826258,8.79282093
FRB20190630B,-1,other_cluster_6,8.906435013,7.719438553
FRB20190630A,1,repeater_cluster_3,-0.822988033,-1.981767535
FRB20190630C,-1,other_cluster_5,11.90596294,4.02700758
FRB20190630D,-1,other_cluster_2,16.64867783,10.99944115
FRB20190701A,-1,other_cluster_1,-0.583754063,14.13729954
FRB20190701B,-1,other_cluster_5,12.04583645,4.571181297
FRB20190701C,0,repeater_cluster_3,-1.499898434,-3.049180269
FRB20190701D,-1,other_cluster_3,8.371496201,0.479244024
FRB20190701E,-1,other_cluster_2,15.56772423,12.57348537
